 {
            "chart": {
                "caption": "Annual Sales by Province",
                "subcaption": "Last year",
                "entityFillHoverColor": "#cccccc",
                "numberScaleValue": "1,1000,1000",
                "numberScaleUnit": "K,M,B",
                "numberPrefix": "R",
                "showLabels": "1",
                "theme": "fint"
            },
            "colorrange": {
                "minvalue": "0",
                "startlabel": "Low",
                "endlabel": "High",
                "code": "#e44a00",
                "gradient": "1",
                "color": [
                    {
                        "maxvalue": "56580",
                        "displayvalue": "Average",
                        "code": "#f8bd19"
                    },
                    {
                        "maxvalue": "100000",
                        "code": "#6baa01"
                    }
                ]
            },
            "data": [
                {
                    "id": "05",
                    "value": "50512"
                },
                {
                    "id": "06",
                    "value": "2879"
                },
                {
                    "id": "03",
                    "value": "920"
                },
                {
                    "id": "02",
                    "value": "4607"
                },
                {
                    "id": "09",
                    "value": "4890"
                },
                {
                    "id": "07",
                    "value": "34927"
                },
                {
                    "id": "10",
                    "value": "65798"
                },
                {
                    "id": "08",
                    "value": "61861"
                },
                {
                    "id": "11",
                    "value": "58911"
                }
            ]
        }