<?xml version='1.0' standalone='yes'?>
<fusioncharts>
 <chart entityFillHoverColor="#cccccc" showLabels= "1" theme = "zune">
  <id>map</id>
  <type>maps/southafrica</type>
  <width>450</width>
  <height>300</height>
  <dataFormat>json</dataFormat>
  <renderAt>mapChartContainer</renderAt>
  <slider gradient="1">
	<low label="Low" color="#6baa01"></low>
	<mid label="Average" color="#f8bd19"></mid>
	<high label="High" color="#e44a00"></high>
 </slider>
<numbers prefix="">
<scale unit=",K,M">1,1000,1000</scale>
</numbers>
 </chart>
  <chart entityFillHoverColor="#cccccc" showLabels= "1" theme = "zune">
  <id>pie</id>
  <type>pie3d</type>
  <width>500</width>
  <height>300</height>
  <dataFormat>json</dataFormat>
  <renderAt>pieChartContainer</renderAt>
  <slider gradient="1">
	<low label="Low" color="#6baa01"></low>
	<mid label="Average" color="#f8bd19"></mid>
	<high label="High" color="#e44a00"></high>
 </slider>
<numbers prefix="">
<scale unit=",K,M">1,1000,1000</scale>
</numbers>
 </chart>
   <chart entityFillHoverColor="#cccccc" showLabels= "1" theme = "zune">
  <id>column</id>
  <type>column3d</type>
  <width>500</width>
  <height>300</height>
  <dataFormat>json</dataFormat>
  <renderAt>columnChartContainer</renderAt>
<numbers prefix="">
<scale unit=",K,M">1,1000,1000</scale>
</numbers>
 </chart>
<chart captionFontSize = "14" subcaptionFontSize = "14" subcaptionFontBold = "0" paletteColors = "#ff75c2,#1aaf5d" bgcolor = "#ffffff" showBorder = "0"  showShadow ="0" showCanvasBorder = "0" usePlotGradientColor = "0"  legendBorderAlpha = "0"  legendShadow =  "0" showAxisLines = "0"  showAlternateHGridColor = "0"    divlineThickness = "1" divLineIsDashed = "1" divLineDashLen =  "1" divLineGapLen =  "1" xAxisName = "Year" showValues =  "0">
  <id>series</id>
  <type>msline</type>
  <width>500</width>
  <height>300</height>
  <dataFormat>json</dataFormat>
  <renderAt>seriesChartContainer</renderAt>
   <line color ="#6baa01" valueOnRight = "1" displayvalue = "Average"> </line>
   </chart>
 </fusioncharts>