[{"CaptureYear":"2011","Province":"Eastern Cape","District":"Alfred Nzo","LocalMunicipality":"Ntabankulu","DocNeed":"No","TotalsBC":"76","TotalsDC":"80","TotalsPP":"79","TotalsRP":"80","TotalsMC":"76","TotalsID":"72","TotalDocNeeds":"463"},{"CaptureYear":"2011","Province":"Eastern Cape","District":"Cacadu","LocalMunicipality":"Kouga","DocNeed":"No","TotalsBC":"855","TotalsDC":"856","TotalsPP":"881","TotalsRP":"881","TotalsMC":"849","TotalsID":"847","TotalDocNeeds":"5169"},{"CaptureYear":"2011","Province":"Eastern Cape","District":"Chris Hani","LocalMunicipality":"Engcobo","DocNeed":"Not selected","TotalsBC":"33","TotalsDC":"35","TotalsPP":"35","TotalsRP":"35","TotalsMC":"35","TotalsID":"33","TotalDocNeeds":"206"},{"CaptureYear":"2011","Province":"Eastern Cape","District":"O.R.Tambo","LocalMunicipality":"Ntabankulu","DocNeed":"Not selected","TotalsBC":"17","TotalsDC":"17","TotalsPP":"17","TotalsRP":"17","TotalsMC":"17","TotalsID":"17","TotalDocNeeds":"102"},{"CaptureYear":"2011","Province":"Eastern Cape","District":"O.R.Tambo","LocalMunicipality":"King Sabata Dalindyebo","DocNeed":"No","TotalsBC":"8","TotalsDC":"5","TotalsPP":"5","TotalsRP":"5","TotalsMC":"5","TotalsID":"28","TotalDocNeeds":"56"},{"CaptureYear":"2011","Province":"Free State","District":"Mangaung","LocalMunicipality":"Mangaung","DocNeed":"No","TotalsBC":"1","TotalsDC":"3","TotalsPP":"1","TotalsRP":"1","TotalsMC":"2","TotalsID":"1","TotalDocNeeds":"9"},{"CaptureYear":"2011","Province":"Gauteng","District":"Ekurhuleni","LocalMunicipality":"Ekurhuleni","DocNeed":"No","TotalsBC":"1148","TotalsDC":"1214","TotalsPP":"1190","TotalsRP":"1220","TotalsMC":"1192","TotalsID":"1159","TotalDocNeeds":"7123"},{"CaptureYear":"2011","Province":"Gauteng","District":"West Rand","LocalMunicipality":"Mogale City","DocNeed":"Not selected","TotalsBC":"856","TotalsDC":"924","TotalsPP":"927","TotalsRP":"948","TotalsMC":"912","TotalsID":"796","TotalDocNeeds":"5363"},{"CaptureYear":"2011","Province":"KwaZulu-Natal","District":"Sisonke","LocalMunicipality":"Ingwe","DocNeed":"Yes","TotalsBC":"141","TotalsDC":"7","TotalsPP":"89","TotalsRP":"36","TotalsMC":"27","TotalsID":"193","TotalDocNeeds":"493"},{"CaptureYear":"2011","Province":"KwaZulu-Natal","District":"Sisonke","LocalMunicipality":"Ubuhlebezwe","DocNeed":"No","TotalsBC":"719","TotalsDC":"774","TotalsPP":"779","TotalsRP":"798","TotalsMC":"752","TotalsID":"693","TotalDocNeeds":"4515"},{"CaptureYear":"2011","Province":"Limpopo","District":"Capricorn","LocalMunicipality":"Blouberg","DocNeed":"No","TotalsBC":"45","TotalsDC":"45","TotalsPP":"44","TotalsRP":"45","TotalsMC":"45","TotalsID":"42","TotalDocNeeds":"266"},{"CaptureYear":"2011","Province":"Limpopo","District":"Greater Sekhukhune","LocalMunicipality":"Fetakgomo","DocNeed":"Yes","TotalsBC":"53","TotalsDC":"3","TotalsPP":"16","TotalsRP":"6","TotalsMC":"20","TotalsID":"73","TotalDocNeeds":"171"},{"CaptureYear":"2011","Province":"Limpopo","District":"Mopani","LocalMunicipality":"Greater Giyani","DocNeed":"No","TotalsBC":"26","TotalsDC":"26","TotalsPP":"26","TotalsRP":"26","TotalsMC":"26","TotalsID":"26","TotalDocNeeds":"156"},{"CaptureYear":"2011","Province":"Limpopo","District":"Vhembe","LocalMunicipality":"Makhado","DocNeed":"Yes","TotalsBC":"107","TotalsDC":"1","TotalsPP":"25","TotalsRP":"19","TotalsMC":"9","TotalsID":"104","TotalDocNeeds":"265"},{"CaptureYear":"2011","Province":"Limpopo","District":"Vhembe","LocalMunicipality":"Mutale","DocNeed":"Yes","TotalsBC":"33","TotalsDC":"1","TotalsPP":"22","TotalsRP":"3","TotalsMC":"7","TotalsID":"41","TotalDocNeeds":"107"},{"CaptureYear":"2011","Province":"North West","District":"Bojanala","LocalMunicipality":"Madibeng","DocNeed":"No","TotalsBC":"9","TotalsDC":"9","TotalsPP":"9","TotalsRP":"9","TotalsMC":"9","TotalsID":"33","TotalDocNeeds":"78"},{"CaptureYear":"2011","Province":"North West","District":"Dr Kenneth Kaunda","LocalMunicipality":"Ventersdorp","DocNeed":"No","TotalsBC":"1637","TotalsDC":"1753","TotalsPP":"1352","TotalsRP":"1689","TotalsMC":"1707","TotalsID":"1655","TotalDocNeeds":"9793"},{"CaptureYear":"2011","Province":"North West","District":"Dr Kenneth Kaunda","LocalMunicipality":"Matlosana","DocNeed":"No","TotalsBC":"37","TotalsDC":"42","TotalsPP":"42","TotalsRP":"42","TotalsMC":"36","TotalsID":"47","TotalDocNeeds":"246"},{"CaptureYear":"2011","Province":"North West","District":"Dr Ruth Momphati","LocalMunicipality":"Kagisano-Molopo","DocNeed":"No","TotalsBC":"46","TotalsDC":"49","TotalsPP":"30","TotalsRP":"48","TotalsMC":"47","TotalsID":"50","TotalDocNeeds":"270"},{"CaptureYear":"2011","Province":"North West","District":"Ngaka Modiri Molema","LocalMunicipality":"Ramotshere Moiloa","DocNeed":"No","TotalsBC":"25","TotalsDC":"25","TotalsPP":"25","TotalsRP":"25","TotalsMC":"25","TotalsID":"7","TotalDocNeeds":"132"},{"CaptureYear":"2011","Province":"North West","District":"Ngaka Modiri Molema","LocalMunicipality":"Ditsobotla","DocNeed":"Yes","TotalsBC":"169","TotalsDC":"5","TotalsPP":"181","TotalsRP":"70","TotalsMC":"3","TotalsID":"261","TotalDocNeeds":"689"},{"CaptureYear":"2011","Province":"North West","District":"Ngaka Modiri Molema","LocalMunicipality":"Ratlou","DocNeed":"No","TotalsBC":"1936","TotalsDC":"1884","TotalsPP":"1738","TotalsRP":"1963","TotalsMC":"1876","TotalsID":"1906","TotalDocNeeds":"11303"},{"CaptureYear":"2011","Province":"North West","District":"Ngaka Modiri Molema","LocalMunicipality":"Mafikeng","DocNeed":"No","TotalsBC":"71","TotalsDC":"35","TotalsPP":"39","TotalsRP":"35","TotalsMC":"69","TotalsID":"62","TotalDocNeeds":"311"},{"CaptureYear":"2011","Province":"Northern Cape","District":"Frances Baard","LocalMunicipality":"Sol Plaatje","DocNeed":"Not selected","TotalsBC":"3","TotalsDC":"4","TotalsPP":"4","TotalsRP":"4","TotalsMC":"4","TotalsID":"4","TotalDocNeeds":"23"},{"CaptureYear":"2011","Province":"Western Cape","District":"Central Karoo","LocalMunicipality":"Beaufort West","DocNeed":"No","TotalsBC":"2670","TotalsDC":"3066","TotalsPP":"3168","TotalsRP":"3177","TotalsMC":"2922","TotalsID":"2597","TotalDocNeeds":"17600"},{"CaptureYear":"2012","Province":"Eastern Cape","District":"Alfred Nzo","LocalMunicipality":"Mbizana","DocNeed":"Not selected","TotalsBC":"3","TotalsDC":"3","TotalsPP":"3","TotalsRP":"3","TotalsMC":"3","TotalsID":"3","TotalDocNeeds":"18"},{"CaptureYear":"2012","Province":"Eastern Cape","District":"Amathole","LocalMunicipality":"Mbhashe","DocNeed":"No","TotalsBC":"8814","TotalsDC":"8909","TotalsPP":"9116","TotalsRP":"9110","TotalsMC":"8705","TotalsID":"8844","TotalDocNeeds":"53498"},{"CaptureYear":"2012","Province":"Eastern Cape","District":"Amathole","LocalMunicipality":"Great Kei","DocNeed":"No","TotalsBC":"65","TotalsDC":"67","TotalsPP":"66","TotalsRP":"67","TotalsMC":"61","TotalsID":"65","TotalDocNeeds":"391"},{"CaptureYear":"2012","Province":"Eastern Cape","District":"Buffalo City","LocalMunicipality":"Buffalo City","DocNeed":"Yes","TotalsBC":"20","TotalsDC":"3","TotalsPP":"4","TotalsRP":"2","TotalsMC":"28","TotalsID":"23","TotalDocNeeds":"80"},{"CaptureYear":"2012","Province":"Eastern Cape","District":"Cacadu","LocalMunicipality":"Makana","DocNeed":"No","TotalsBC":"58","TotalsDC":"58","TotalsPP":"57","TotalsRP":"59","TotalsMC":"56","TotalsID":"59","TotalDocNeeds":"347"},{"CaptureYear":"2012","Province":"Eastern Cape","District":"Cacadu","LocalMunicipality":"Ndlambe","DocNeed":"No","TotalsBC":"642","TotalsDC":"656","TotalsPP":"654","TotalsRP":"669","TotalsMC":"647","TotalsID":"623","TotalDocNeeds":"3891"},{"CaptureYear":"2012","Province":"Eastern Cape","District":"Cacadu","LocalMunicipality":"Ikwezi","DocNeed":"No","TotalsBC":"11","TotalsDC":"11","TotalsPP":"11","TotalsRP":"11","TotalsMC":"11","TotalsID":"11","TotalDocNeeds":"66"},{"CaptureYear":"2012","Province":"Eastern Cape","District":"Cacadu","LocalMunicipality":"Blue Crane Route","DocNeed":"No","TotalsBC":"151","TotalsDC":"159","TotalsPP":"154","TotalsRP":"165","TotalsMC":"150","TotalsID":"149","TotalDocNeeds":"928"},{"CaptureYear":"2012","Province":"Eastern Cape","District":"Cacadu","LocalMunicipality":"Camdeboo","DocNeed":"Not selected","TotalsBC":"1","TotalsDC":"1","TotalsPP":"2","TotalsRP":"1","TotalsMC":"1","TotalsID":"1","TotalDocNeeds":"7"},{"CaptureYear":"2012","Province":"Eastern Cape","District":"Chris Hani","LocalMunicipality":"Lukhanji","DocNeed":"Not selected","TotalsBC":"196","TotalsDC":"203","TotalsPP":"203","TotalsRP":"203","TotalsMC":"203","TotalsID":"183","TotalDocNeeds":"1191"},{"CaptureYear":"2012","Province":"Eastern Cape","District":"Nelson Mandela Bay","LocalMunicipality":"Nelson Mandela Bay","DocNeed":"Yes","TotalsBC":"13","TotalsDC":"2","TotalsPP":"4","TotalsRP":"2","TotalsMC":"14","TotalsID":"13","TotalDocNeeds":"48"},{"CaptureYear":"2012","Province":"Eastern Cape","District":"O.R.Tambo","LocalMunicipality":"Port St Johns","DocNeed":"Yes","TotalsBC":"490","TotalsDC":"9","TotalsPP":"136","TotalsRP":"134","TotalsMC":"72","TotalsID":"509","TotalDocNeeds":"1350"},{"CaptureYear":"2012","Province":"Free State","District":"Fezile Dabi","LocalMunicipality":"Moqhaka","DocNeed":"No","TotalsBC":"2","TotalsDC":"2","TotalsPP":"1","TotalsRP":"2","TotalsMC":"2","TotalsID":"2","TotalDocNeeds":"11"},{"CaptureYear":"2012","Province":"Free State","District":"Lejweleputswa","LocalMunicipality":"Matjhabeng","DocNeed":"No","TotalsBC":"63","TotalsDC":"66","TotalsPP":"67","TotalsRP":"67","TotalsMC":"72","TotalsID":"141","TotalDocNeeds":"476"},{"CaptureYear":"2012","Province":"Free State","District":"Motheo","LocalMunicipality":"Naledi","DocNeed":"Yes","TotalsBC":"112","TotalsDC":"4","TotalsPP":"488","TotalsRP":"20","TotalsMC":"40","TotalsID":"147","TotalDocNeeds":"811"},{"CaptureYear":"2012","Province":"Free State","District":"Motheo","LocalMunicipality":"Mangaung","DocNeed":"No","TotalsBC":"7","TotalsDC":"7","TotalsPP":"7","TotalsRP":"7","TotalsMC":"7","TotalsID":"7","TotalDocNeeds":"42"},{"CaptureYear":"2012","Province":"Free State","District":"Thabo Mofutsanyane","LocalMunicipality":"Dihlabeng","DocNeed":"No","TotalsBC":"3892","TotalsDC":"3907","TotalsPP":"3187","TotalsRP":"3923","TotalsMC":"3816","TotalsID":"3885","TotalDocNeeds":"22610"},{"CaptureYear":"2012","Province":"Free State","District":"Thabo Mofutsanyane","LocalMunicipality":"Maluti a Phofung","DocNeed":"Not selected","TotalsBC":"775","TotalsDC":"775","TotalsPP":"751","TotalsRP":"751","TotalsMC":"775","TotalsID":"723","TotalDocNeeds":"4550"},{"CaptureYear":"2012","Province":"Free State","District":"Xhariep","LocalMunicipality":"Naledi","DocNeed":"No","TotalsBC":"3650","TotalsDC":"3700","TotalsPP":"3300","TotalsRP":"3756","TotalsMC":"3680","TotalsID":"3601","TotalDocNeeds":"21687"},{"CaptureYear":"2012","Province":"Free State","District":"Xhariep","LocalMunicipality":"Letsemeng","DocNeed":"No","TotalsBC":"3426","TotalsDC":"3358","TotalsPP":"3368","TotalsRP":"3429","TotalsMC":"3347","TotalsID":"3402","TotalDocNeeds":"20330"},{"CaptureYear":"2012","Province":"Free State","District":"Xhariep","LocalMunicipality":"Kopanong","DocNeed":"Yes","TotalsBC":"63","TotalsDC":"2","TotalsPP":"431","TotalsRP":"12","TotalsMC":"33","TotalsID":"119","TotalDocNeeds":"660"},{"CaptureYear":"2012","Province":"Gauteng","District":"City of Johannesburg","LocalMunicipality":"City of Johannesburg","DocNeed":"No","TotalsBC":"6482","TotalsDC":"6912","TotalsPP":"6796","TotalsRP":"6876","TotalsMC":"6827","TotalsID":"6329","TotalDocNeeds":"40222"},{"CaptureYear":"2012","Province":"Gauteng","District":"City of Tshwane","LocalMunicipality":"City of Tshwane","DocNeed":"No","TotalsBC":"4777","TotalsDC":"4876","TotalsPP":"4671","TotalsRP":"4916","TotalsMC":"4747","TotalsID":"4731","TotalDocNeeds":"28718"},{"CaptureYear":"2012","Province":"Gauteng","District":"Sedibeng","LocalMunicipality":"Midvaal","DocNeed":"No","TotalsBC":"1019","TotalsDC":"1018","TotalsPP":"916","TotalsRP":"990","TotalsMC":"980","TotalsID":"976","TotalDocNeeds":"5899"},{"CaptureYear":"2012","Province":"Gauteng","District":"Sedibeng","LocalMunicipality":"Emfuleni","DocNeed":"No","TotalsBC":"832","TotalsDC":"843","TotalsPP":"819","TotalsRP":"839","TotalsMC":"828","TotalsID":"826","TotalDocNeeds":"4987"},{"CaptureYear":"2012","Province":"Gauteng","District":"Sedibeng","LocalMunicipality":"Lesedi","DocNeed":"No","TotalsBC":"4754","TotalsDC":"4891","TotalsPP":"4594","TotalsRP":"4858","TotalsMC":"4734","TotalsID":"4655","TotalDocNeeds":"28486"},{"CaptureYear":"2012","Province":"Gauteng","District":"West Rand","LocalMunicipality":"Randfontein","DocNeed":"No","TotalsBC":"510","TotalsDC":"572","TotalsPP":"532","TotalsRP":"558","TotalsMC":"569","TotalsID":"456","TotalDocNeeds":"3197"},{"CaptureYear":"2012","Province":"Gauteng","District":"West Rand","LocalMunicipality":"Merafong City","DocNeed":"Not selected","TotalsBC":"1922","TotalsDC":"2156","TotalsPP":"2038","TotalsRP":"2062","TotalsMC":"2055","TotalsID":"1657","TotalDocNeeds":"11890"},{"CaptureYear":"2012","Province":"KwaZulu-Natal","District":"eThekwini","LocalMunicipality":"eThekwini","DocNeed":"Yes","TotalsBC":"60","TotalsDC":"17","TotalsPP":"14","TotalsRP":"3","TotalsMC":"8","TotalsID":"105","TotalDocNeeds":"207"},{"CaptureYear":"2012","Province":"KwaZulu-Natal","District":"iLembe","LocalMunicipality":"Maphumulo","DocNeed":"No","TotalsBC":"12","TotalsDC":"3","TotalsPP":"3","TotalsRP":"1","TotalsMC":"3","TotalsID":"9","TotalDocNeeds":"31"},{"CaptureYear":"2012","Province":"KwaZulu-Natal","District":"iLembe","LocalMunicipality":"Mandeni","DocNeed":"Not selected","TotalsBC":"124","TotalsDC":"124","TotalsPP":"128","TotalsRP":"130","TotalsMC":"130","TotalsID":"112","TotalDocNeeds":"748"},{"CaptureYear":"2012","Province":"KwaZulu-Natal","District":"Ugu","LocalMunicipality":"Vulamehlo","DocNeed":"Not selected","TotalsBC":"10","TotalsDC":"10","TotalsPP":"10","TotalsRP":"10","TotalsMC":"10","TotalsID":"3","TotalDocNeeds":"53"},{"CaptureYear":"2012","Province":"KwaZulu-Natal","District":"UMgungundlovu","LocalMunicipality":"uMshwathi","DocNeed":"Not selected","TotalsBC":"32","TotalsDC":"32","TotalsPP":"32","TotalsRP":"32","TotalsMC":"32","TotalsID":"21","TotalDocNeeds":"181"},{"CaptureYear":"2012","Province":"KwaZulu-Natal","District":"Umkhanyakude","LocalMunicipality":"Mtubatuba","DocNeed":"Not selected","TotalsBC":"897","TotalsDC":"1080","TotalsPP":"1074","TotalsRP":"1081","TotalsMC":"1072","TotalsID":"835","TotalDocNeeds":"6039"},{"CaptureYear":"2012","Province":"KwaZulu-Natal","District":"Umzinyathi","LocalMunicipality":"Msinga","DocNeed":"No","TotalsBC":"1118","TotalsDC":"1096","TotalsPP":"1121","TotalsRP":"1121","TotalsMC":"1096","TotalsID":"1114","TotalDocNeeds":"6666"},{"CaptureYear":"2012","Province":"KwaZulu-Natal","District":"Umzinyathi","LocalMunicipality":"Umvoti","DocNeed":"No","TotalsBC":"4","TotalsDC":"4","TotalsPP":"4","TotalsRP":"4","TotalsMC":"4","TotalsID":"4","TotalDocNeeds":"24"},{"CaptureYear":"2012","Province":"KwaZulu-Natal","District":"Uthungulu","LocalMunicipality":"Nkandla","DocNeed":"Not selected","TotalsBC":"194","TotalsDC":"252","TotalsPP":"256","TotalsRP":"256","TotalsMC":"259","TotalsID":"178","TotalDocNeeds":"1395"},{"CaptureYear":"2012","Province":"KwaZulu-Natal","District":"Zululand","LocalMunicipality":"Abaqulusi","DocNeed":"No","TotalsBC":"2588","TotalsDC":"2665","TotalsPP":"2671","TotalsRP":"2676","TotalsMC":"2661","TotalsID":"2565","TotalDocNeeds":"15826"},{"CaptureYear":"2012","Province":"Limpopo","District":"Capricorn","LocalMunicipality":"Polokwane","DocNeed":"No","TotalsBC":"14","TotalsDC":"13","TotalsPP":"10","TotalsRP":"14","TotalsMC":"14","TotalsID":"14","TotalDocNeeds":"79"},{"CaptureYear":"2012","Province":"Limpopo","District":"Capricorn","LocalMunicipality":"Lepele-Nkumpi","DocNeed":"No","TotalsBC":"6","TotalsDC":"6","TotalsPP":"6","TotalsRP":"6","TotalsMC":"6","TotalsID":"6","TotalDocNeeds":"36"},{"CaptureYear":"2012","Province":"Limpopo","District":"Greater Sekhukhune","LocalMunicipality":"Makhuduthamaga","DocNeed":"No","TotalsBC":"6","TotalsDC":"5","TotalsPP":"6","TotalsRP":"6","TotalsMC":"5","TotalsID":"5","TotalDocNeeds":"33"},{"CaptureYear":"2012","Province":"Limpopo","District":"Greater Sekhukhune","LocalMunicipality":"Greater Marble Hall","DocNeed":"No","TotalsBC":"9","TotalsDC":"10","TotalsPP":"9","TotalsRP":"10","TotalsMC":"8","TotalsID":"10","TotalDocNeeds":"56"},{"CaptureYear":"2012","Province":"Limpopo","District":"Mopani","LocalMunicipality":"Greater Tzaneen","DocNeed":"No","TotalsBC":"19","TotalsDC":"19","TotalsPP":"19","TotalsRP":"19","TotalsMC":"19","TotalsID":"18","TotalDocNeeds":"113"},{"CaptureYear":"2012","Province":"Limpopo","District":"Mopani","LocalMunicipality":"Ba-Phalaborwa","DocNeed":"No","TotalsBC":"14","TotalsDC":"14","TotalsPP":"14","TotalsRP":"14","TotalsMC":"14","TotalsID":"14","TotalDocNeeds":"84"},{"CaptureYear":"2012","Province":"Limpopo","District":"Vhembe","LocalMunicipality":"Musina","DocNeed":"No","TotalsBC":"13","TotalsDC":"13","TotalsPP":"13","TotalsRP":"13","TotalsMC":"11","TotalsID":"13","TotalDocNeeds":"76"},{"CaptureYear":"2012","Province":"Limpopo","District":"Waterberg","LocalMunicipality":"Mookgopong","DocNeed":"Not selected","TotalsBC":"3","TotalsDC":"3","TotalsPP":"3","TotalsRP":"3","TotalsMC":"3","TotalsID":"3","TotalDocNeeds":"18"},{"CaptureYear":"2012","Province":"Mpumalanga","District":"Ehlanzeni","LocalMunicipality":"Nkomazi","DocNeed":"No","TotalsBC":"9032","TotalsDC":"9231","TotalsPP":"7474","TotalsRP":"9355","TotalsMC":"9107","TotalsID":"8893","TotalDocNeeds":"53092"},{"CaptureYear":"2012","Province":"Mpumalanga","District":"Ehlanzeni","LocalMunicipality":"Bushbuckridge","DocNeed":"No","TotalsBC":"510","TotalsDC":"689","TotalsPP":"698","TotalsRP":"708","TotalsMC":"682","TotalsID":"507","TotalDocNeeds":"3794"},{"CaptureYear":"2012","Province":"Mpumalanga","District":"Gert Sibande","LocalMunicipality":"Pixley Ka Seme","DocNeed":"No","TotalsBC":"23","TotalsDC":"23","TotalsPP":"22","TotalsRP":"23","TotalsMC":"22","TotalsID":"23","TotalDocNeeds":"136"},{"CaptureYear":"2012","Province":"North West","District":"Dr Kenneth Kaunda","LocalMunicipality":"Maquassi Hills","DocNeed":"No","TotalsBC":"341","TotalsDC":"320","TotalsPP":"321","TotalsRP":"311","TotalsMC":"328","TotalsID":"362","TotalDocNeeds":"1983"},{"CaptureYear":"2012","Province":"North West","District":"Dr Ruth Momphati","LocalMunicipality":"Mamusa","DocNeed":"No","TotalsBC":"2031","TotalsDC":"2076","TotalsPP":"1843","TotalsRP":"2133","TotalsMC":"2027","TotalsID":"1910","TotalDocNeeds":"12020"},{"CaptureYear":"2012","Province":"North West","District":"Dr Ruth Momphati","LocalMunicipality":"Greater Taung","DocNeed":"Yes","TotalsBC":"226","TotalsDC":"1","TotalsPP":"328","TotalsRP":"26","TotalsMC":"37","TotalsID":"229","TotalDocNeeds":"847"},{"CaptureYear":"2012","Province":"North West","District":"Dr Ruth Momphati","LocalMunicipality":"Naledi","DocNeed":"No","TotalsBC":"1548","TotalsDC":"1533","TotalsPP":"1394","TotalsRP":"1577","TotalsMC":"1527","TotalsID":"1535","TotalDocNeeds":"9114"},{"CaptureYear":"2012","Province":"North West","District":"Ngaka Modiri Molema","LocalMunicipality":"Tswaing","DocNeed":"No","TotalsBC":"74","TotalsDC":"70","TotalsPP":"70","TotalsRP":"70","TotalsMC":"70","TotalsID":"83","TotalDocNeeds":"437"},{"CaptureYear":"2012","Province":"Northern Cape","District":"Frances Baard","LocalMunicipality":"Magareng","DocNeed":"No","TotalsBC":"256","TotalsDC":"258","TotalsPP":"226","TotalsRP":"245","TotalsMC":"260","TotalsID":"257","TotalDocNeeds":"1502"},{"CaptureYear":"2012","Province":"Northern Cape","District":"Frances Baard","LocalMunicipality":"Dikgatlong","DocNeed":"No","TotalsBC":"224","TotalsDC":"220","TotalsPP":"211","TotalsRP":"225","TotalsMC":"220","TotalsID":"220","TotalDocNeeds":"1320"},{"CaptureYear":"2012","Province":"Northern Cape","District":"Frances Baard","LocalMunicipality":"Phokwane","DocNeed":"No","TotalsBC":"8","TotalsDC":"8","TotalsPP":"3","TotalsRP":"8","TotalsMC":"8","TotalsID":"8","TotalDocNeeds":"43"},{"CaptureYear":"2012","Province":"Northern Cape","District":"John Taole Gaetsewe","LocalMunicipality":"Ga-Segonyana","DocNeed":"No","TotalsBC":"55","TotalsDC":"60","TotalsPP":"52","TotalsRP":"58","TotalsMC":"60","TotalsID":"54","TotalDocNeeds":"339"},{"CaptureYear":"2012","Province":"Northern Cape","District":"Siyanda","LocalMunicipality":"\/\/Khara Hais","DocNeed":"No","TotalsBC":"15","TotalsDC":"14","TotalsPP":"6","TotalsRP":"15","TotalsMC":"14","TotalsID":"15","TotalDocNeeds":"79"},{"CaptureYear":"2012","Province":"Northern Cape","District":"Siyanda","LocalMunicipality":"Kai !Garib","DocNeed":"No","TotalsBC":"49","TotalsDC":"47","TotalsPP":"38","TotalsRP":"48","TotalsMC":"47","TotalsID":"47","TotalDocNeeds":"276"},{"CaptureYear":"2012","Province":"Western Cape","District":"Boland","LocalMunicipality":"Breede Valley","DocNeed":"Not selected","TotalsBC":"19","TotalsDC":"19","TotalsPP":"19","TotalsRP":"19","TotalsMC":"20","TotalsID":"19","TotalDocNeeds":"115"},{"CaptureYear":"2012","Province":"Western Cape","District":"Boland","LocalMunicipality":"Witzenberg","DocNeed":"No","TotalsBC":"6","TotalsDC":"6","TotalsPP":"6","TotalsRP":"6","TotalsMC":"6","TotalsID":"6","TotalDocNeeds":"36"},{"CaptureYear":"2012","Province":"Western Cape","District":"City of Cape Town","LocalMunicipality":"City of Cape Town","DocNeed":"No","TotalsBC":"1144","TotalsDC":"1463","TotalsPP":"1488","TotalsRP":"1485","TotalsMC":"1270","TotalsID":"1025","TotalDocNeeds":"7875"},{"CaptureYear":"2012","Province":"Western Cape","District":"Eden","LocalMunicipality":"Hessequa","DocNeed":"Not selected","TotalsBC":"82","TotalsDC":"82","TotalsPP":"82","TotalsRP":"82","TotalsMC":"82","TotalsID":"69","TotalDocNeeds":"479"},{"CaptureYear":"2012","Province":"Western Cape","District":"Eden","LocalMunicipality":"Mossel Bay","DocNeed":"Not selected","TotalsBC":"102","TotalsDC":"102","TotalsPP":"102","TotalsRP":"102","TotalsMC":"102","TotalsID":"102","TotalDocNeeds":"612"},{"CaptureYear":"2012","Province":"Western Cape","District":"Eden","LocalMunicipality":"George","DocNeed":"Not selected","TotalsBC":"62","TotalsDC":"62","TotalsPP":"62","TotalsRP":"62","TotalsMC":"62","TotalsID":"46","TotalDocNeeds":"356"},{"CaptureYear":"2012","Province":"Western Cape","District":"Overberg","LocalMunicipality":"Theewaterskloof","DocNeed":"No","TotalsBC":"3765","TotalsDC":"3841","TotalsPP":"3898","TotalsRP":"3908","TotalsMC":"3794","TotalsID":"3607","TotalDocNeeds":"22813"},{"CaptureYear":"2012","Province":"Western Cape","District":"Overberg","LocalMunicipality":"Swellendam","DocNeed":"No","TotalsBC":"5","TotalsDC":"5","TotalsPP":"5","TotalsRP":"5","TotalsMC":"5","TotalsID":"5","TotalDocNeeds":"30"},{"CaptureYear":"2012","Province":"Western Cape","District":"West Coast","LocalMunicipality":"Matzikama","DocNeed":"No","TotalsBC":"2381","TotalsDC":"2739","TotalsPP":"2804","TotalsRP":"2680","TotalsMC":"2629","TotalsID":"2389","TotalDocNeeds":"15622"},{"CaptureYear":"2013","Province":"Eastern Cape","District":"Alfred Nzo","LocalMunicipality":"Matatiele","DocNeed":"No","TotalsBC":"3928","TotalsDC":"4045","TotalsPP":"3530","TotalsRP":"4091","TotalsMC":"3783","TotalsID":"3819","TotalDocNeeds":"23196"},{"CaptureYear":"2013","Province":"Eastern Cape","District":"Amathole","LocalMunicipality":"Nkonkobe","DocNeed":"No","TotalsBC":"7","TotalsDC":"8","TotalsPP":"8","TotalsRP":"8","TotalsMC":"8","TotalsID":"8","TotalDocNeeds":"47"},{"CaptureYear":"2013","Province":"Eastern Cape","District":"Amathole","LocalMunicipality":"Amahlathi","DocNeed":"Not selected","TotalsBC":"349","TotalsDC":"356","TotalsPP":"356","TotalsRP":"356","TotalsMC":"348","TotalsID":"340","TotalDocNeeds":"2105"},{"CaptureYear":"2013","Province":"Eastern Cape","District":"Amathole","LocalMunicipality":"Mnquma","DocNeed":"Not selected","TotalsBC":"170","TotalsDC":"175","TotalsPP":"175","TotalsRP":"167","TotalsMC":"175","TotalsID":"172","TotalDocNeeds":"1034"},{"CaptureYear":"2013","Province":"Eastern Cape","District":"Cacadu","LocalMunicipality":"Sundays River Valley","DocNeed":"No","TotalsBC":"1371","TotalsDC":"1522","TotalsPP":"1441","TotalsRP":"1555","TotalsMC":"1466","TotalsID":"1407","TotalDocNeeds":"8762"},{"CaptureYear":"2013","Province":"Eastern Cape","District":"Cacadu","LocalMunicipality":"Baviaans","DocNeed":"Not selected","TotalsBC":"398","TotalsDC":"399","TotalsPP":"401","TotalsRP":"402","TotalsMC":"401","TotalsID":"394","TotalDocNeeds":"2395"},{"CaptureYear":"2013","Province":"Eastern Cape","District":"Chris Hani","LocalMunicipality":"Intsika Yethu","DocNeed":"No","TotalsBC":"4285","TotalsDC":"4258","TotalsPP":"4336","TotalsRP":"4363","TotalsMC":"4143","TotalsID":"4262","TotalDocNeeds":"25647"},{"CaptureYear":"2013","Province":"Eastern Cape","District":"Joe Gqabi","LocalMunicipality":"Elundini","DocNeed":"Not selected","TotalsBC":"7","TotalsDC":"7","TotalsPP":"7","TotalsRP":"7","TotalsMC":"7","TotalsID":"7","TotalDocNeeds":"42"},{"CaptureYear":"2013","Province":"Eastern Cape","District":"Joe Gqabi","LocalMunicipality":"Maletswai","DocNeed":"Not selected","TotalsBC":"44","TotalsDC":"64","TotalsPP":"64","TotalsRP":"67","TotalsMC":"63","TotalsID":"48","TotalDocNeeds":"350"},{"CaptureYear":"2013","Province":"Eastern Cape","District":"Joe Gqabi","LocalMunicipality":"Senqu","DocNeed":"No","TotalsBC":"5","TotalsDC":"5","TotalsPP":"5","TotalsRP":"5","TotalsMC":"5","TotalsID":"4","TotalDocNeeds":"29"},{"CaptureYear":"2013","Province":"Eastern Cape","District":"O.R.Tambo","LocalMunicipality":"Ngquza Hill","DocNeed":"Yes","TotalsBC":"273","TotalsDC":"11","TotalsPP":"85","TotalsRP":"17","TotalsMC":"85","TotalsID":"253","TotalDocNeeds":"724"},{"CaptureYear":"2013","Province":"Free State","District":"Fezile Dabi","LocalMunicipality":"Ngwathe","DocNeed":"No","TotalsBC":"32","TotalsDC":"32","TotalsPP":"29","TotalsRP":"30","TotalsMC":"32","TotalsID":"30","TotalDocNeeds":"185"},{"CaptureYear":"2013","Province":"Free State","District":"Lejweleputswa","LocalMunicipality":"Masilonyana","DocNeed":"No","TotalsBC":"11","TotalsDC":"11","TotalsPP":"11","TotalsRP":"11","TotalsMC":"11","TotalsID":"11","TotalDocNeeds":"66"},{"CaptureYear":"2013","Province":"Free State","District":"Thabo Mofutsanyane","LocalMunicipality":"Setsoto","DocNeed":"No","TotalsBC":"8","TotalsDC":"11","TotalsPP":"7","TotalsRP":"11","TotalsMC":"9","TotalsID":"11","TotalDocNeeds":"57"},{"CaptureYear":"2013","Province":"Free State","District":"Thabo Mofutsanyane","LocalMunicipality":"Phumelela","DocNeed":"No","TotalsBC":"28","TotalsDC":"27","TotalsPP":"19","TotalsRP":"29","TotalsMC":"25","TotalsID":"28","TotalDocNeeds":"156"},{"CaptureYear":"2013","Province":"Free State","District":"Thabo Mofutsanyane","LocalMunicipality":"Nketoana","DocNeed":"No","TotalsBC":"8","TotalsDC":"8","TotalsPP":"4","TotalsRP":"8","TotalsMC":"8","TotalsID":"8","TotalDocNeeds":"44"},{"CaptureYear":"2013","Province":"Free State","District":"Xhariep","LocalMunicipality":"Mohokare","DocNeed":"No","TotalsBC":"10581","TotalsDC":"11061","TotalsPP":"10545","TotalsRP":"11293","TotalsMC":"10985","TotalsID":"10561","TotalDocNeeds":"65026"},{"CaptureYear":"2013","Province":"KwaZulu-Natal","District":"Amajuba","LocalMunicipality":"Dannhauser","DocNeed":"Not selected","TotalsBC":"262","TotalsDC":"297","TotalsPP":"297","TotalsRP":"277","TotalsMC":"297","TotalsID":"271","TotalDocNeeds":"1701"},{"CaptureYear":"2013","Province":"KwaZulu-Natal","District":"Sisonke","LocalMunicipality":"Kwa Sani","DocNeed":"No","TotalsBC":"3","TotalsDC":"3","TotalsPP":"3","TotalsRP":"3","TotalsMC":"3","TotalsID":"15","TotalDocNeeds":"30"},{"CaptureYear":"2013","Province":"KwaZulu-Natal","District":"Ugu","LocalMunicipality":"Hibiscus Coast","DocNeed":"Not selected","TotalsBC":"288","TotalsDC":"425","TotalsPP":"455","TotalsRP":"438","TotalsMC":"399","TotalsID":"244","TotalDocNeeds":"2249"},{"CaptureYear":"2013","Province":"KwaZulu-Natal","District":"Ugu","LocalMunicipality":"Ezinqoleni","DocNeed":"No","TotalsBC":"9","TotalsDC":"15","TotalsPP":"15","TotalsRP":"6","TotalsMC":"3","TotalsID":"47","TotalDocNeeds":"95"},{"CaptureYear":"2013","Province":"KwaZulu-Natal","District":"Ugu","LocalMunicipality":"Umdoni","DocNeed":"Not selected","TotalsBC":"175","TotalsDC":"201","TotalsPP":"201","TotalsRP":"195","TotalsMC":"199","TotalsID":"128","TotalDocNeeds":"1099"},{"CaptureYear":"2013","Province":"KwaZulu-Natal","District":"UMgungundlovu","LocalMunicipality":"Richmond","DocNeed":"No","TotalsBC":"31","TotalsDC":"31","TotalsPP":"31","TotalsRP":"31","TotalsMC":"31","TotalsID":"31","TotalDocNeeds":"186"},{"CaptureYear":"2013","Province":"KwaZulu-Natal","District":"UMgungundlovu","LocalMunicipality":"uMngeni","DocNeed":"Not selected","TotalsBC":"25","TotalsDC":"30","TotalsPP":"26","TotalsRP":"30","TotalsMC":"30","TotalsID":"29","TotalDocNeeds":"170"},{"CaptureYear":"2013","Province":"KwaZulu-Natal","District":"UMgungundlovu","LocalMunicipality":"Mkhambathini","DocNeed":"Not selected","TotalsBC":"160","TotalsDC":"160","TotalsPP":"160","TotalsRP":"160","TotalsMC":"160","TotalsID":"148","TotalDocNeeds":"948"},{"CaptureYear":"2013","Province":"KwaZulu-Natal","District":"Umkhanyakude","LocalMunicipality":"The Big 5 False Bay","DocNeed":"Not selected","TotalsBC":"49","TotalsDC":"49","TotalsPP":"49","TotalsRP":"49","TotalsMC":"49","TotalsID":"49","TotalDocNeeds":"294"},{"CaptureYear":"2013","Province":"KwaZulu-Natal","District":"Umkhanyakude","LocalMunicipality":"Jozini","DocNeed":"Not selected","TotalsBC":"421","TotalsDC":"510","TotalsPP":"464","TotalsRP":"508","TotalsMC":"507","TotalsID":"392","TotalDocNeeds":"2802"},{"CaptureYear":"2013","Province":"KwaZulu-Natal","District":"Umzinyathi","LocalMunicipality":"Endumeni","DocNeed":"No","TotalsBC":"4","TotalsDC":"4","TotalsPP":"4","TotalsRP":"4","TotalsMC":"4","TotalsID":"4","TotalDocNeeds":"24"},{"CaptureYear":"2013","Province":"KwaZulu-Natal","District":"Umzinyathi","LocalMunicipality":"Nqutu","DocNeed":"Not selected","TotalsBC":"843","TotalsDC":"968","TotalsPP":"968","TotalsRP":"968","TotalsMC":"933","TotalsID":"821","TotalDocNeeds":"5501"},{"CaptureYear":"2013","Province":"KwaZulu-Natal","District":"Uthukela","LocalMunicipality":"Indaka","DocNeed":"Not selected","TotalsBC":"478","TotalsDC":"520","TotalsPP":"520","TotalsRP":"518","TotalsMC":"510","TotalsID":"425","TotalDocNeeds":"2971"},{"CaptureYear":"2013","Province":"KwaZulu-Natal","District":"Uthukela","LocalMunicipality":"Emnambithi-Ladysmith","DocNeed":"No","TotalsBC":"1013","TotalsDC":"1009","TotalsPP":"1021","TotalsRP":"1025","TotalsMC":"1005","TotalsID":"1012","TotalDocNeeds":"6085"},{"CaptureYear":"2013","Province":"KwaZulu-Natal","District":"Uthukela","LocalMunicipality":"Okhahlamba","DocNeed":"Not selected","TotalsBC":"555","TotalsDC":"557","TotalsPP":"561","TotalsRP":"561","TotalsMC":"560","TotalsID":"518","TotalDocNeeds":"3312"},{"CaptureYear":"2013","Province":"KwaZulu-Natal","District":"Uthungulu","LocalMunicipality":"Ntambanana","DocNeed":"Not selected","TotalsBC":"58","TotalsDC":"66","TotalsPP":"66","TotalsRP":"66","TotalsMC":"66","TotalsID":"40","TotalDocNeeds":"362"},{"CaptureYear":"2013","Province":"KwaZulu-Natal","District":"Uthungulu","LocalMunicipality":"Mthonjaneni","DocNeed":"No","TotalsBC":"2","TotalsDC":"2","TotalsPP":"2","TotalsRP":"2","TotalsMC":"2","TotalsID":"2","TotalDocNeeds":"12"},{"CaptureYear":"2013","Province":"KwaZulu-Natal","District":"Zululand","LocalMunicipality":"Uphongolo","DocNeed":"No","TotalsBC":"16","TotalsDC":"16","TotalsPP":"16","TotalsRP":"16","TotalsMC":"16","TotalsID":"15","TotalDocNeeds":"95"},{"CaptureYear":"2013","Province":"Limpopo","District":"Greater Sekhukhune","LocalMunicipality":"Greater Tubatse","DocNeed":"No","TotalsBC":"1268","TotalsDC":"1335","TotalsPP":"1356","TotalsRP":"1335","TotalsMC":"1322","TotalsID":"1267","TotalDocNeeds":"7883"},{"CaptureYear":"2013","Province":"Mpumalanga","District":"Ehlanzeni","LocalMunicipality":"Umjindi","DocNeed":"Yes","TotalsBC":"1595","TotalsDC":"23","TotalsPP":"658","TotalsRP":"806","TotalsMC":"112","TotalsID":"3160","TotalDocNeeds":"6354"},{"CaptureYear":"2013","Province":"Mpumalanga","District":"Ehlanzeni","LocalMunicipality":"Thaba Chweu","DocNeed":"Yes","TotalsBC":"1345","TotalsDC":"44","TotalsPP":"870","TotalsRP":"691","TotalsMC":"97","TotalsID":"4351","TotalDocNeeds":"7398"},{"CaptureYear":"2013","Province":"Mpumalanga","District":"Ehlanzeni","LocalMunicipality":"Mbombela","DocNeed":"Yes","TotalsBC":"16262","TotalsDC":"507","TotalsPP":"6072","TotalsRP":"6862","TotalsMC":"1217","TotalsID":"29206","TotalDocNeeds":"60126"},{"CaptureYear":"2013","Province":"Mpumalanga","District":"Gert Sibande","LocalMunicipality":"Mkhondo","DocNeed":"Yes","TotalsBC":"4683","TotalsDC":"35","TotalsPP":"1105","TotalsRP":"1132","TotalsMC":"149","TotalsID":"8069","TotalDocNeeds":"15173"},{"CaptureYear":"2013","Province":"Mpumalanga","District":"Gert Sibande","LocalMunicipality":"Msukaligwa","DocNeed":"No","TotalsBC":"3893","TotalsDC":"4455","TotalsPP":"4327","TotalsRP":"4350","TotalsMC":"4461","TotalsID":"4088","TotalDocNeeds":"25574"},{"CaptureYear":"2013","Province":"Mpumalanga","District":"Gert Sibande","LocalMunicipality":"Albert Luthuli","DocNeed":"Not selected","TotalsBC":"82526","TotalsDC":"90229","TotalsPP":"88856","TotalsRP":"88602","TotalsMC":"89866","TotalsID":"73400","TotalDocNeeds":"513479"},{"CaptureYear":"2013","Province":"Mpumalanga","District":"Gert Sibande","LocalMunicipality":"Lekwa","DocNeed":"Not selected","TotalsBC":"25824","TotalsDC":"27276","TotalsPP":"27023","TotalsRP":"27110","TotalsMC":"27234","TotalsID":"23853","TotalDocNeeds":"158320"},{"CaptureYear":"2013","Province":"Mpumalanga","District":"Gert Sibande","LocalMunicipality":"Govan Mbeki","DocNeed":"No","TotalsBC":"1964","TotalsDC":"2641","TotalsPP":"2487","TotalsRP":"2290","TotalsMC":"2589","TotalsID":"1501","TotalDocNeeds":"13472"},{"CaptureYear":"2013","Province":"Mpumalanga","District":"Gert Sibande","LocalMunicipality":"Dipaleseng","DocNeed":"Not selected","TotalsBC":"14417","TotalsDC":"15498","TotalsPP":"15349","TotalsRP":"15315","TotalsMC":"15483","TotalsID":"13163","TotalDocNeeds":"89225"},{"CaptureYear":"2013","Province":"Mpumalanga","District":"Nkangala","LocalMunicipality":"Emalahleni","DocNeed":"Not selected","TotalsBC":"67244","TotalsDC":"70459","TotalsPP":"69007","TotalsRP":"68930","TotalsMC":"70380","TotalsID":"59092","TotalDocNeeds":"405112"},{"CaptureYear":"2013","Province":"Mpumalanga","District":"Nkangala","LocalMunicipality":"Victor Khanye","DocNeed":"No","TotalsBC":"2005","TotalsDC":"1991","TotalsPP":"1999","TotalsRP":"1949","TotalsMC":"2000","TotalsID":"2049","TotalDocNeeds":"11993"},{"CaptureYear":"2013","Province":"Mpumalanga","District":"Nkangala","LocalMunicipality":"Emakhazeni","DocNeed":"Not selected","TotalsBC":"22229","TotalsDC":"22976","TotalsPP":"22679","TotalsRP":"21924","TotalsMC":"22943","TotalsID":"20149","TotalDocNeeds":"132900"},{"CaptureYear":"2013","Province":"Mpumalanga","District":"Nkangala","LocalMunicipality":"Thembisile","DocNeed":"Not selected","TotalsBC":"52754","TotalsDC":"55167","TotalsPP":"54641","TotalsRP":"54722","TotalsMC":"55088","TotalsID":"48254","TotalDocNeeds":"320626"},{"CaptureYear":"2013","Province":"Mpumalanga","District":"Nkangala","LocalMunicipality":"Dr JS Moroka","DocNeed":"Yes","TotalsBC":"3653","TotalsDC":"113","TotalsPP":"685","TotalsRP":"781","TotalsMC":"279","TotalsID":"10013","TotalDocNeeds":"15524"},{"CaptureYear":"2013","Province":"Mpumalanga","District":"Nkangala","LocalMunicipality":"Steve Tshwete","DocNeed":"Not selected","TotalsBC":"41966","TotalsDC":"43924","TotalsPP":"43048","TotalsRP":"43045","TotalsMC":"44022","TotalsID":"37372","TotalDocNeeds":"253377"},{"CaptureYear":"2013","Province":"North West","District":"Bojanala","LocalMunicipality":"Moses Kotane","DocNeed":"Not selected","TotalsBC":"1","TotalsDC":"1","TotalsPP":"1","TotalsRP":"1","TotalsMC":"1","TotalsID":"1","TotalDocNeeds":"6"},{"CaptureYear":"2013","Province":"North West","District":"Bojanala","LocalMunicipality":"Moretele","DocNeed":"No","TotalsBC":"24731","TotalsDC":"24130","TotalsPP":"23903","TotalsRP":"24630","TotalsMC":"23987","TotalsID":"24596","TotalDocNeeds":"145977"},{"CaptureYear":"2013","Province":"Northern Cape","District":"John Taole Gaetsewe","LocalMunicipality":"Moshaweng","DocNeed":"No","TotalsBC":"96","TotalsDC":"100","TotalsPP":"63","TotalsRP":"93","TotalsMC":"96","TotalsID":"86","TotalDocNeeds":"534"},{"CaptureYear":"2013","Province":"Northern Cape","District":"Namakwa","LocalMunicipality":"Richtersveld","DocNeed":"No","TotalsBC":"2266","TotalsDC":"2290","TotalsPP":"2010","TotalsRP":"2315","TotalsMC":"2253","TotalsID":"2174","TotalDocNeeds":"13308"},{"CaptureYear":"2013","Province":"Northern Cape","District":"Pixley ka Seme","LocalMunicipality":"Siyancuma","DocNeed":"No","TotalsBC":"9","TotalsDC":"9","TotalsPP":"9","TotalsRP":"9","TotalsMC":"9","TotalsID":"9","TotalDocNeeds":"54"},{"CaptureYear":"2013","Province":"Northern Cape","District":"Siyanda","LocalMunicipality":"Mier","DocNeed":"No","TotalsBC":"2706","TotalsDC":"2670","TotalsPP":"2638","TotalsRP":"2703","TotalsMC":"2669","TotalsID":"2696","TotalDocNeeds":"16082"},{"CaptureYear":"2013","Province":"Northern Cape","District":"Siyanda","LocalMunicipality":"!Kheis","DocNeed":"No","TotalsBC":"7","TotalsDC":"7","TotalsPP":"3","TotalsRP":"7","TotalsMC":"7","TotalsID":"7","TotalDocNeeds":"38"},{"CaptureYear":"2013","Province":"Western Cape","District":"Boland","LocalMunicipality":"Drakenstein","DocNeed":"Not selected","TotalsBC":"46","TotalsDC":"46","TotalsPP":"46","TotalsRP":"46","TotalsMC":"46","TotalsID":"46","TotalDocNeeds":"276"},{"CaptureYear":"2013","Province":"Western Cape","District":"Boland","LocalMunicipality":"Breede River\/Winelands","DocNeed":"No","TotalsBC":"6","TotalsDC":"6","TotalsPP":"6","TotalsRP":"6","TotalsMC":"6","TotalsID":"6","TotalDocNeeds":"36"},{"CaptureYear":"2013","Province":"Western Cape","District":"Central Karoo","LocalMunicipality":"Prince Albert","DocNeed":"Not selected","TotalsBC":"160","TotalsDC":"172","TotalsPP":"172","TotalsRP":"172","TotalsMC":"172","TotalsID":"172","TotalDocNeeds":"1020"},{"CaptureYear":"2013","Province":"Western Cape","District":"Eden","LocalMunicipality":"Bitou","DocNeed":"Not selected","TotalsBC":"1051","TotalsDC":"1058","TotalsPP":"1058","TotalsRP":"1064","TotalsMC":"1058","TotalsID":"1026","TotalDocNeeds":"6315"},{"CaptureYear":"2013","Province":"Western Cape","District":"Eden","LocalMunicipality":"Knysna","DocNeed":"No","TotalsBC":"6","TotalsDC":"6","TotalsPP":"6","TotalsRP":"6","TotalsMC":"6","TotalsID":"6","TotalDocNeeds":"36"},{"CaptureYear":"2013","Province":"Western Cape","District":"West Coast","LocalMunicipality":"Cederberg","DocNeed":"No","TotalsBC":"105","TotalsDC":"105","TotalsPP":"105","TotalsRP":"105","TotalsMC":"105","TotalsID":"103","TotalDocNeeds":"628"},{"CaptureYear":"2014","Province":"Eastern Cape","District":"Alfred Nzo","LocalMunicipality":"Umzimvubu","DocNeed":"Not selected","TotalsBC":"2266","TotalsDC":"2329","TotalsPP":"2329","TotalsRP":"2329","TotalsMC":"2321","TotalsID":"2259","TotalDocNeeds":"13833"},{"CaptureYear":"2014","Province":"Eastern Cape","District":"Amathole","LocalMunicipality":"Ngqushwa","DocNeed":"No","TotalsBC":"172","TotalsDC":"171","TotalsPP":"173","TotalsRP":"173","TotalsMC":"164","TotalsID":"171","TotalDocNeeds":"1024"},{"CaptureYear":"2014","Province":"Eastern Cape","District":"Amathole","LocalMunicipality":"Nxuba","DocNeed":"No","TotalsBC":"21","TotalsDC":"21","TotalsPP":"21","TotalsRP":"21","TotalsMC":"19","TotalsID":"21","TotalDocNeeds":"124"},{"CaptureYear":"2014","Province":"Eastern Cape","District":"Cacadu","LocalMunicipality":"Kou-Kamma","DocNeed":"Not selected","TotalsBC":"190","TotalsDC":"194","TotalsPP":"194","TotalsRP":"194","TotalsMC":"194","TotalsID":"182","TotalDocNeeds":"1148"},{"CaptureYear":"2014","Province":"Eastern Cape","District":"Chris Hani","LocalMunicipality":"Sakhisizwe","DocNeed":"Not selected","TotalsBC":"871","TotalsDC":"881","TotalsPP":"883","TotalsRP":"883","TotalsMC":"883","TotalsID":"866","TotalDocNeeds":"5267"},{"CaptureYear":"2014","Province":"Eastern Cape","District":"Chris Hani","LocalMunicipality":"Inxuba Yethemba","DocNeed":"No","TotalsBC":"6","TotalsDC":"13","TotalsPP":"11","TotalsRP":"11","TotalsMC":"11","TotalsID":"6","TotalDocNeeds":"58"},{"CaptureYear":"2014","Province":"Eastern Cape","District":"Chris Hani","LocalMunicipality":"Inkwanca","DocNeed":"No","TotalsBC":"9","TotalsDC":"9","TotalsPP":"9","TotalsRP":"9","TotalsMC":"9","TotalsID":"8","TotalDocNeeds":"53"},{"CaptureYear":"2014","Province":"Eastern Cape","District":"Chris Hani","LocalMunicipality":"Tsolwana","DocNeed":"Not selected","TotalsBC":"45","TotalsDC":"45","TotalsPP":"42","TotalsRP":"45","TotalsMC":"45","TotalsID":"45","TotalDocNeeds":"267"},{"CaptureYear":"2014","Province":"Eastern Cape","District":"Joe Gqabi","LocalMunicipality":"Gariep","DocNeed":"No","TotalsBC":"228","TotalsDC":"199","TotalsPP":"191","TotalsRP":"193","TotalsMC":"207","TotalsID":"269","TotalDocNeeds":"1287"},{"CaptureYear":"2014","Province":"Eastern Cape","District":"O.R.Tambo","LocalMunicipality":"Nyandeni","DocNeed":"Not selected","TotalsBC":"919","TotalsDC":"1054","TotalsPP":"1064","TotalsRP":"1066","TotalsMC":"1024","TotalsID":"870","TotalDocNeeds":"5997"},{"CaptureYear":"2014","Province":"Eastern Cape","District":"O.R.Tambo","LocalMunicipality":"Mhlontlo","DocNeed":"No","TotalsBC":"695","TotalsDC":"693","TotalsPP":"692","TotalsRP":"674","TotalsMC":"698","TotalsID":"695","TotalDocNeeds":"4147"},{"CaptureYear":"2014","Province":"Free State","District":"Fezile Dabi","LocalMunicipality":"Metsimaholo","DocNeed":"No","TotalsBC":"67","TotalsDC":"66","TotalsPP":"67","TotalsRP":"67","TotalsMC":"66","TotalsID":"67","TotalDocNeeds":"400"},{"CaptureYear":"2014","Province":"Free State","District":"Fezile Dabi","LocalMunicipality":"Mafube","DocNeed":"No","TotalsBC":"2153","TotalsDC":"2365","TotalsPP":"2413","TotalsRP":"2345","TotalsMC":"2316","TotalsID":"2141","TotalDocNeeds":"13733"},{"CaptureYear":"2014","Province":"Free State","District":"Lejweleputswa","LocalMunicipality":"Nala","DocNeed":"No","TotalsBC":"4982","TotalsDC":"4899","TotalsPP":"5019","TotalsRP":"5019","TotalsMC":"4822","TotalsID":"4962","TotalDocNeeds":"29703"},{"CaptureYear":"2014","Province":"Free State","District":"Lejweleputswa","LocalMunicipality":"Tswelopele","DocNeed":"No","TotalsBC":"37","TotalsDC":"37","TotalsPP":"38","TotalsRP":"38","TotalsMC":"37","TotalsID":"38","TotalDocNeeds":"225"},{"CaptureYear":"2014","Province":"Free State","District":"Thabo Mofutsanyane","LocalMunicipality":"Mantsopa","DocNeed":"No","TotalsBC":"43","TotalsDC":"43","TotalsPP":"42","TotalsRP":"38","TotalsMC":"43","TotalsID":"41","TotalDocNeeds":"250"},{"CaptureYear":"2014","Province":"Gauteng","District":"West Rand","LocalMunicipality":"Westonaria","DocNeed":"No","TotalsBC":"781","TotalsDC":"943","TotalsPP":"896","TotalsRP":"936","TotalsMC":"894","TotalsID":"764","TotalDocNeeds":"5214"},{"CaptureYear":"2014","Province":"KwaZulu-Natal","District":"Amajuba","LocalMunicipality":"eMadlangeni","DocNeed":"No","TotalsBC":"6","TotalsDC":"6","TotalsPP":"6","TotalsRP":"6","TotalsMC":"5","TotalsID":"1","TotalDocNeeds":"30"},{"CaptureYear":"2014","Province":"KwaZulu-Natal","District":"Amajuba","LocalMunicipality":"Newcastle","DocNeed":"Not selected","TotalsBC":"16","TotalsDC":"16","TotalsPP":"16","TotalsRP":"16","TotalsMC":"16","TotalsID":"16","TotalDocNeeds":"96"},{"CaptureYear":"2014","Province":"KwaZulu-Natal","District":"iLembe","LocalMunicipality":"Ndwedwe","DocNeed":"Not selected","TotalsBC":"56","TotalsDC":"58","TotalsPP":"58","TotalsRP":"58","TotalsMC":"58","TotalsID":"46","TotalDocNeeds":"334"},{"CaptureYear":"2014","Province":"KwaZulu-Natal","District":"iLembe","LocalMunicipality":"KwaDukuza","DocNeed":"Yes","TotalsBC":"178","TotalsDC":"6","TotalsPP":"16","TotalsRP":"4","TotalsMC":"5","TotalsID":"170","TotalDocNeeds":"379"},{"CaptureYear":"2014","Province":"KwaZulu-Natal","District":"Sisonke","LocalMunicipality":"Greater Kokstad","DocNeed":"Not selected","TotalsBC":"577","TotalsDC":"638","TotalsPP":"638","TotalsRP":"638","TotalsMC":"638","TotalsID":"519","TotalDocNeeds":"3648"},{"CaptureYear":"2014","Province":"KwaZulu-Natal","District":"Sisonke","LocalMunicipality":"Umzimkhulu","DocNeed":"Not selected","TotalsBC":"122","TotalsDC":"123","TotalsPP":"123","TotalsRP":"123","TotalsMC":"123","TotalsID":"121","TotalDocNeeds":"735"},{"CaptureYear":"2014","Province":"KwaZulu-Natal","District":"Ugu","LocalMunicipality":"Umzumbe","DocNeed":"Not selected","TotalsBC":"235","TotalsDC":"241","TotalsPP":"241","TotalsRP":"241","TotalsMC":"238","TotalsID":"235","TotalDocNeeds":"1431"},{"CaptureYear":"2014","Province":"KwaZulu-Natal","District":"Ugu","LocalMunicipality":"Umuziwabantu","DocNeed":"No","TotalsBC":"1","TotalsDC":"1","TotalsPP":"1","TotalsRP":"1","TotalsMC":"1","TotalsID":"28","TotalDocNeeds":"33"},{"CaptureYear":"2014","Province":"KwaZulu-Natal","District":"UMgungundlovu","LocalMunicipality":"Mpofana","DocNeed":"Not selected","TotalsBC":"4","TotalsDC":"6","TotalsPP":"6","TotalsRP":"6","TotalsMC":"5","TotalsID":"2","TotalDocNeeds":"29"},{"CaptureYear":"2014","Province":"KwaZulu-Natal","District":"UMgungundlovu","LocalMunicipality":"Msunduzi","DocNeed":"Not selected","TotalsBC":"52","TotalsDC":"61","TotalsPP":"61","TotalsRP":"61","TotalsMC":"58","TotalsID":"44","TotalDocNeeds":"337"},{"CaptureYear":"2014","Province":"KwaZulu-Natal","District":"Umkhanyakude","LocalMunicipality":"Umhlabuyalingana","DocNeed":"Not selected","TotalsBC":"365","TotalsDC":"375","TotalsPP":"375","TotalsRP":"375","TotalsMC":"375","TotalsID":"351","TotalDocNeeds":"2216"},{"CaptureYear":"2014","Province":"KwaZulu-Natal","District":"Umkhanyakude","LocalMunicipality":"Hlabisa","DocNeed":"No","TotalsBC":"345","TotalsDC":"343","TotalsPP":"334","TotalsRP":"345","TotalsMC":"343","TotalsID":"329","TotalDocNeeds":"2039"},{"CaptureYear":"2014","Province":"KwaZulu-Natal","District":"Uthukela","LocalMunicipality":"Imbabazane","DocNeed":"No","TotalsBC":"8","TotalsDC":"8","TotalsPP":"8","TotalsRP":"8","TotalsMC":"8","TotalsID":"10","TotalDocNeeds":"50"},{"CaptureYear":"2014","Province":"KwaZulu-Natal","District":"Uthukela","LocalMunicipality":"Umtshezi","DocNeed":"Not selected","TotalsBC":"5076","TotalsDC":"5106","TotalsPP":"5106","TotalsRP":"5100","TotalsMC":"5104","TotalsID":"5051","TotalDocNeeds":"30543"},{"CaptureYear":"2014","Province":"KwaZulu-Natal","District":"Uthungulu","LocalMunicipality":"uMhlathuze","DocNeed":"Not selected","TotalsBC":"97","TotalsDC":"120","TotalsPP":"122","TotalsRP":"122","TotalsMC":"120","TotalsID":"108","TotalDocNeeds":"689"},{"CaptureYear":"2014","Province":"KwaZulu-Natal","District":"Uthungulu","LocalMunicipality":"uMlalazi","DocNeed":"Not selected","TotalsBC":"173","TotalsDC":"202","TotalsPP":"183","TotalsRP":"196","TotalsMC":"185","TotalsID":"143","TotalDocNeeds":"1082"},{"CaptureYear":"2014","Province":"KwaZulu-Natal","District":"Uthungulu","LocalMunicipality":"Mbonambi","DocNeed":"No","TotalsBC":"21","TotalsDC":"27","TotalsPP":"27","TotalsRP":"27","TotalsMC":"27","TotalsID":"22","TotalDocNeeds":"151"},{"CaptureYear":"2014","Province":"KwaZulu-Natal","District":"Zululand","LocalMunicipality":"Nongoma","DocNeed":"No","TotalsBC":"7","TotalsDC":"7","TotalsPP":"8","TotalsRP":"8","TotalsMC":"8","TotalsID":"14","TotalDocNeeds":"52"},{"CaptureYear":"2014","Province":"KwaZulu-Natal","District":"Zululand","LocalMunicipality":"eDumbe","DocNeed":"Not selected","TotalsBC":"1411","TotalsDC":"1453","TotalsPP":"1404","TotalsRP":"1436","TotalsMC":"1435","TotalsID":"1392","TotalDocNeeds":"8531"},{"CaptureYear":"2014","Province":"KwaZulu-Natal","District":"Zululand","LocalMunicipality":"Ulundi","DocNeed":"Not selected","TotalsBC":"905","TotalsDC":"1061","TotalsPP":"1080","TotalsRP":"1052","TotalsMC":"1044","TotalsID":"944","TotalDocNeeds":"6086"},{"CaptureYear":"2014","Province":"Limpopo","District":"Greater Sekhukhune","LocalMunicipality":"Elias Motsoaledi","DocNeed":"No","TotalsBC":"8","TotalsDC":"8","TotalsPP":"3","TotalsRP":"8","TotalsMC":"8","TotalsID":"8","TotalDocNeeds":"43"},{"CaptureYear":"2014","Province":"Limpopo","District":"Vhembe","LocalMunicipality":"Thulamela","DocNeed":"No","TotalsBC":"3387","TotalsDC":"3337","TotalsPP":"3049","TotalsRP":"3393","TotalsMC":"3277","TotalsID":"3226","TotalDocNeeds":"19669"},{"CaptureYear":"2014","Province":"Limpopo","District":"Waterberg","LocalMunicipality":"Mogalakwena","DocNeed":"No","TotalsBC":"21","TotalsDC":"21","TotalsPP":"17","TotalsRP":"21","TotalsMC":"21","TotalsID":"21","TotalDocNeeds":"122"},{"CaptureYear":"2014","Province":"Limpopo","District":"Waterberg","LocalMunicipality":"Lephalale","DocNeed":"No","TotalsBC":"220","TotalsDC":"220","TotalsPP":"210","TotalsRP":"223","TotalsMC":"218","TotalsID":"216","TotalDocNeeds":"1307"},{"CaptureYear":"2014","Province":"Limpopo","District":"Waterberg","LocalMunicipality":"Bela-Bela","DocNeed":"No","TotalsBC":"132","TotalsDC":"130","TotalsPP":"114","TotalsRP":"132","TotalsMC":"130","TotalsID":"127","TotalDocNeeds":"765"},{"CaptureYear":"2014","Province":"North West","District":"Bojanala","LocalMunicipality":"Rustenburg","DocNeed":"No","TotalsBC":"463","TotalsDC":"480","TotalsPP":"446","TotalsRP":"441","TotalsMC":"440","TotalsID":"427","TotalDocNeeds":"2697"},{"CaptureYear":"2014","Province":"North West","District":"Dr Kenneth Kaunda","LocalMunicipality":"Tlokwe","DocNeed":"Not selected","TotalsBC":"1603","TotalsDC":"1635","TotalsPP":"1631","TotalsRP":"1634","TotalsMC":"1631","TotalsID":"1525","TotalDocNeeds":"9659"},{"CaptureYear":"2014","Province":"North West","District":"Dr Ruth Momphati","LocalMunicipality":"Lekwa-Teemane","DocNeed":"No","TotalsBC":"11","TotalsDC":"11","TotalsPP":"11","TotalsRP":"4","TotalsMC":"11","TotalsID":"10","TotalDocNeeds":"58"},{"CaptureYear":"2014","Province":"Northern Cape","District":"Namakwa","LocalMunicipality":"Nama Khoi","DocNeed":"No","TotalsBC":"1","TotalsDC":"1","TotalsPP":"1","TotalsRP":"1","TotalsMC":"1","TotalsID":"1","TotalDocNeeds":"6"},{"CaptureYear":"2014","Province":"Northern Cape","District":"Namakwa","LocalMunicipality":"Kamiesberg","DocNeed":"No","TotalsBC":"1975","TotalsDC":"1974","TotalsPP":"2001","TotalsRP":"2001","TotalsMC":"1959","TotalsID":"1957","TotalDocNeeds":"11867"},{"CaptureYear":"2014","Province":"Northern Cape","District":"Pixley ka Seme","LocalMunicipality":"Renosterberg","DocNeed":"Not selected","TotalsBC":"4","TotalsDC":"4","TotalsPP":"4","TotalsRP":"4","TotalsMC":"4","TotalsID":"3","TotalDocNeeds":"23"},{"CaptureYear":"2014","Province":"Northern Cape","District":"Siyanda","LocalMunicipality":"Tsantsabane","DocNeed":"Yes","TotalsBC":"3","TotalsDC":"1","TotalsPP":"64","TotalsRP":"5","TotalsMC":"4","TotalsID":"21","TotalDocNeeds":"98"},{"CaptureYear":"2014","Province":"Western Cape","District":"Central Karoo","LocalMunicipality":"Laingsburg","DocNeed":"No","TotalsBC":"3067","TotalsDC":"3084","TotalsPP":"3151","TotalsRP":"3148","TotalsMC":"3067","TotalsID":"3065","TotalDocNeeds":"18582"},{"CaptureYear":"2014","Province":"Western Cape","District":"West Coast","LocalMunicipality":"Swartland","DocNeed":"No","TotalsBC":"7077","TotalsDC":"6920","TotalsPP":"7157","TotalsRP":"7167","TotalsMC":"6878","TotalsID":"6970","TotalDocNeeds":"42169"},{"CaptureYear":"2015","Province":"Eastern Cape","District":"Chris Hani","LocalMunicipality":"Emalahleni","DocNeed":"Not selected","TotalsBC":"250","TotalsDC":"251","TotalsPP":"251","TotalsRP":"251","TotalsMC":"249","TotalsID":"248","TotalDocNeeds":"1500"},{"CaptureYear":"2015","Province":"Free State","District":"Lejweleputswa","LocalMunicipality":"Tokologo","DocNeed":"No","TotalsBC":"3442","TotalsDC":"3381","TotalsPP":"3462","TotalsRP":"3471","TotalsMC":"3375","TotalsID":"3432","TotalDocNeeds":"20563"},{"CaptureYear":"2015","Province":"KwaZulu-Natal","District":"UMgungundlovu","LocalMunicipality":"Impendle","DocNeed":"No","TotalsBC":"26","TotalsDC":"26","TotalsPP":"26","TotalsRP":"26","TotalsMC":"26","TotalsID":"41","TotalDocNeeds":"171"},{"CaptureYear":"2015","Province":"Western Cape","District":"Eden","LocalMunicipality":"Kannaland","DocNeed":"No","TotalsBC":"1491","TotalsDC":"1483","TotalsPP":"1496","TotalsRP":"1494","TotalsMC":"1483","TotalsID":"1485","TotalDocNeeds":"8932"},{"CaptureYear":"2015","Province":"Western Cape","District":"Overberg","LocalMunicipality":"Cape Agulhas","DocNeed":"No","TotalsBC":"1428","TotalsDC":"1418","TotalsPP":"1432","TotalsRP":"1430","TotalsMC":"1415","TotalsID":"1419","TotalDocNeeds":"8542"}]